Cohort 216,(Without client),01/01/2022 - 01/01/2022,Danny Krzyzanowski,3:25:00,3.416666667
Cohort 216,(Without client),01/02/2022 - 01/08/2022,Obadias Wincom,10:37:00,10.61666667
Cohort 216,(Without client),01/02/2022 - 01/08/2022,Mary Dorward,12:30:00,12.5
Cohort 216,(Without client),01/02/2022 - 01/08/2022,Joella Cursey,6:00:00,6
Cohort 216,(Without client),01/02/2022 - 01/08/2022,Greta Searl,20:00:00,20
Cohort 216,(Without client),01/02/2022 - 01/08/2022,Christoph Templeton,4:00:00,4
Cohort 216,(Without client),01/02/2022 - 01/08/2022,Carmine Rowston,14:00:00,14
Cohort 216,(Without client),01/02/2022 - 01/08/2022,Berk Margrie,8:53:32,8.892222222
Cohort 216,(Without client),01/02/2022 - 01/08/2022,Ernaline Durnan,4:45:00,4.75
Cohort 216,(Without client),01/09/2022 - 01/15/2022,Gilbertine Steart,8:00:00,8
Cohort 216,(Without client),01/09/2022 - 01/15/2022,Meghan Dewsnap,6:00:00,6
Cohort 216,(Without client),01/09/2022 - 01/15/2022,Galven Dadson,6:35:00,6.583333333
Cohort 216,(Without client),01/09/2022 - 01/15/2022,Chilton Fulk,10:00:00,10
Cohort 216,(Without client),01/09/2022 - 01/15/2022,Pooh O'Fihily,11:30:00,11.5
Cohort 216,(Without client),01/09/2022 - 01/15/2022,Gillie Beams,6:37:13,6.620277778
Cohort 216,(Without client),01/09/2022 - 01/15/2022,Fabiano Callen,3:15:00,3.25
Cohort 216,(Without client),01/09/2022 - 01/15/2022,Philbert Sergant,6:30:00,6.5
Cohort 216,(Without client),01/16/2022 - 01/22/2022,Neda Netting,4:30:00,4.5
Cohort 216,(Without client),01/16/2022 - 01/22/2022,Robinson Skurm,19:00:00,19
Cohort 216,(Without client),01/16/2022 - 01/22/2022,Burl Rubke,2:00:00,2
Cohort 216,(Without client),01/16/2022 - 01/22/2022,Fitzgerald Lamartine,15:00:00,15
Cohort 216,(Without client),01/16/2022 - 01/22/2022,Delainey Beckinsall,1:34:00,1.566666667
Cohort 216,(Without client),01/23/2022 - 01/29/2022,Reyna Mocker,2:00:00,2
Cohort 216,(Without client),01/23/2022 - 01/29/2022,Chloette Mathy,4:00:00,4
Cohort 216,(Without client),01/23/2022 - 01/29/2022,Louisa Thirlwell,7:00:00,7
Cohort 216,(Without client),01/23/2022 - 01/29/2022,Charlie Klimus,8:30:00,8.5
Cohort 216,(Without client),01/23/2022 - 01/29/2022,Anetta Greatex,4:00:00,4
Cohort 216,(Without client),01/23/2022 - 01/29/2022,Bettine Folomin,2:45:00,2.75
Cohort 216,(Without client),01/23/2022 - 01/29/2022,Petronella Andover,2:00:00,2
Cohort 216,(Without client),01/23/2022 - 01/29/2022,Danny Krzyzanowski,2:00:00,2
Cohort 216,(Without client),01/30/2022 - 02/05/2022,Obadias Wincom,2:00:00,2
Cohort 216,(Without client),01/30/2022 - 02/05/2022,Mary Dorward,24:30:00,24.5
Cohort 216,(Without client),01/30/2022 - 02/05/2022,Joella Cursey,4:00:00,4
Cohort 216,(Without client),01/30/2022 - 02/05/2022,Greta Searl,5:30:00,5.5
Cohort 216,(Without client),01/30/2022 - 02/05/2022,Christoph Templeton,4:33:02,4.550555556
Cohort 216,(Without client),02/06/2022 - 02/12/2022,Carmine Rowston,2:00:00,2
Cohort 216,(Without client),02/06/2022 - 02/12/2022,Berk Margrie,18:30:00,18.5
Cohort 216,(Without client),02/06/2022 - 02/12/2022,Ernaline Durnan,7:00:00,7
Cohort 216,(Without client),02/06/2022 - 02/12/2022,Gilbertine Steart,5:00:00,5
Cohort 216,(Without client),02/13/2022 - 02/19/2022,Meghan Dewsnap,8:30:00,8.5
Cohort 216,(Without client),02/13/2022 - 02/19/2022,Galven Dadson,2:00:00,2
Cohort 216,(Without client),02/13/2022 - 02/19/2022,Chilton Fulk,9:00:00,9
Cohort 216,(Without client),02/13/2022 - 02/19/2022,Pooh O'Fihily,4:00:00,4
Cohort 216,(Without client),02/20/2022 - 02/26/2022,Gillie Beams,4:45:00,4.75
Cohort 216,(Without client),02/20/2022 - 02/26/2022,Fabiano Callen,0:54:03,0.9008333333
Cohort 216,(Without client),02/27/2022 - 03/05/2022,Philbert Sergant,2:00:00,2
Cohort 216,(Without client),02/27/2022 - 03/05/2022,Neda Netting,6:01:00,6.016666667
Cohort 216,(Without client),03/06/2022 - 03/12/2022,Robinson Skurm,3:34:00,3.566666667
Cohort 216,(Without client),03/13/2022 - 03/19/2022,Burl Rubke,8:00:00,8
Cohort 216,(Without client),03/13/2022 - 03/19/2022,Fitzgerald Lamartine,6:00:00,6
Cohort 216,(Without client),03/20/2022 - 03/26/2022,Delainey Beckinsall,5:00:00,5
Cohort 216,(Without client),03/27/2022 - 04/02/2022,Reyna Mocker,11:00:00,11
Cohort 216,(Without client),04/03/2022 - 04/09/2022,Chloette Mathy,6:30:00,6.5
Cohort 216,(Without client),04/10/2022 - 04/16/2022,Louisa Thirlwell,1:30:00,1.5
Cohort 216,(Without client),04/17/2022 - 04/23/2022,Charlie Klimus,4:00:00,4
Cohort 216,(Without client),05/29/2022 - 06/04/2022,Anetta Greatex,4:00:00,4
Cohort 216,(Without client),07/03/2022 - 07/09/2022,Bettine Folomin,8:00:00,8
Cohort 216,(Without client),07/10/2022 - 07/16/2022,Petronella Andover,4:30:00,4.5
Cohort 216,(Without client),07/17/2022 - 07/23/2022,Danny Krzyzanowski,10:00:00,10
Cohort 216,(Without client),07/24/2022 - 07/30/2022,Obadias Wincom,5:50:00,5.833333333
Cohort 216,(Without client),07/31/2022 - 08/06/2022,Mary Dorward,7:00:00,7
Cohort 216,(Without client),08/07/2022 - 08/13/2022,Joella Cursey,13:30:00,13.5
Cohort 216,(Without client),08/14/2022 - 08/20/2022,Greta Searl,10:00:00,10
Cohort 216,(Without client),08/21/2022 - 08/27/2022,Christoph Templeton,9:30:00,9.5
Cohort 216,(Without client),08/28/2022 - 09/03/2022,Carmine Rowston,3:30:00,3.5
Cohort 216,(Without client),09/25/2022 - 10/01/2022,Berk Margrie,4:30:00,4.5
Cohort 216,(Without client),10/02/2022 - 10/08/2022,Ernaline Durnan,5:28:00,5.466666667
Cohort 216,(Without client),10/09/2022 - 10/15/2022,Gilbertine Steart,10:00:00,10
Cohort 216,(Without client),10/16/2022 - 10/22/2022,Meghan Dewsnap,10:00:00,10
Cohort 216,(Without client),10/23/2022 - 10/29/2022,Galven Dadson,11:00:00,11
Cohort 216,(Without client),10/30/2022 - 11/05/2022,Chilton Fulk,14:00:00,14
Cohort 216,(Without client),11/06/2022 - 11/12/2022,Pooh O'Fihily,6:00:00,6
Cohort 216,(Without client),11/06/2022 - 11/12/2022,Gillie Beams,0:46:29,0.7747222222
Cohort 216,(Without client),11/13/2022 - 11/19/2022,Fabiano Callen,10:30:00,10.5
Cohort 216,(Without client),11/13/2022 - 11/19/2022,Philbert Sergant,51:55:34,51.92611111
Cohort 216,(Without client),11/20/2022 - 11/26/2022,Neda Netting,4:00:00,4
Cohort 216,(Without client),11/27/2022 - 12/03/2022,Robinson Skurm,5:30:00,5.5
Cohort 216,(Without client),12/04/2022 - 12/10/2022,Burl Rubke,9:10:00,9.166666667
Cohort 216,(Without client),12/11/2022 - 12/17/2022,Fitzgerald Lamartine,4:30:00,4.5
Cohort 216,(Without client),12/18/2022 - 12/24/2022,Delainey Beckinsall,5:00:00,5
Cohort 216,(Without client),12/25/2022 - 12/31/2022,Reyna Mocker,4:00:00,4
Cohort 219,(Without client),01/01/2022 - 01/01/2022,Reyna Mocker,5:30:00,5.5
Cohort 219,(Without client),01/01/2022 - 01/01/2022,Henri Dunn,3:13:04,3.217777778
Cohort 219,(Without client),01/02/2022 - 01/08/2022,Jilli Lempenny,6:00:00,6
Cohort 219,(Without client),01/02/2022 - 01/08/2022,Lonni Stean,6:33:58,6.566111111
Cohort 219,(Without client),01/02/2022 - 01/08/2022,Myrtle Pumfrett,6:00:00,6
Cohort 219,(Without client),01/02/2022 - 01/08/2022,Randall Fetterplace,12:00:00,12
Cohort 219,(Without client),01/02/2022 - 01/08/2022,Jenilee Mowling,6:01:49,6.030277778
Cohort 219,(Without client),01/02/2022 - 01/08/2022,Alric Nekrews,7:00:00,7
Cohort 219,(Without client),01/02/2022 - 01/08/2022,Steffi Witherup,2:00:00,2
Cohort 219,(Without client),01/02/2022 - 01/08/2022,Nerissa Camoletto,11:32:00,11.53333333
Cohort 219,(Without client),01/02/2022 - 01/08/2022,Alameda Minter,15:54:00,15.9
Cohort 219,(Without client),01/02/2022 - 01/08/2022,Aleece Powis,6:20:00,6.333333333
Cohort 219,(Without client),01/02/2022 - 01/08/2022,Dame Gaymer,4:40:20,4.672222222
Cohort 219,(Without client),01/02/2022 - 01/08/2022,Garold Hutfield,22:30:00,22.5
Cohort 219,(Without client),01/02/2022 - 01/08/2022,Archibaldo Billyeald,15:41:00,15.68333333
Cohort 219,(Without client),01/02/2022 - 01/08/2022,Brian Happel,7:00:00,7
Cohort 219,(Without client),01/02/2022 - 01/08/2022,Shaw Paireman,10:00:00,10
Cohort 219,(Without client),01/02/2022 - 01/08/2022,Kalila Arons,17:02:20,17.03888889
Cohort 219,(Without client),01/02/2022 - 01/08/2022,Adriano Staton,21:37:33,21.62583333
Cohort 219,(Without client),01/02/2022 - 01/08/2022,Alasteir Izard,6:40:12,6.67
Cohort 219,(Without client),01/09/2022 - 01/15/2022,Lynnett Jane,8:00:00,8
Cohort 219,(Without client),01/09/2022 - 01/15/2022,Ruthi Yurygyn,4:00:00,4
Cohort 219,(Without client),01/09/2022 - 01/15/2022,Esmeralda Boulding,4:00:00,4
Cohort 219,(Without client),01/09/2022 - 01/15/2022,Kale Perin,10:00:00,10
Cohort 219,(Without client),01/09/2022 - 01/15/2022,Alessandro Blayney,6:08:36,6.143333333
Cohort 219,(Without client),01/09/2022 - 01/15/2022,Garvy Bente,6:00:00,6
Cohort 219,(Without client),01/09/2022 - 01/15/2022,Dulcine Duck,3:00:00,3
Cohort 219,(Without client),01/09/2022 - 01/15/2022,Ronny Bahia,6:40:00,6.666666667
Cohort 219,(Without client),01/09/2022 - 01/15/2022,Mora Bengle,16:00:00,16
Cohort 219,(Without client),01/09/2022 - 01/15/2022,Katine Hallifax,3:22:00,3.366666667
Cohort 219,(Without client),01/09/2022 - 01/15/2022,Henri Dunn,14:34:12,14.57
Cohort 219,(Without client),01/09/2022 - 01/15/2022,Jilli Lempenny,2:05:00,2.083333333
Cohort 219,(Without client),01/09/2022 - 01/15/2022,Lonni Stean,24:00:00,24
Cohort 219,(Without client),01/09/2022 - 01/15/2022,Myrtle Pumfrett,17:44:00,17.73333333
Cohort 219,(Without client),01/09/2022 - 01/15/2022,Randall Fetterplace,4:00:00,4
Cohort 219,(Without client),01/09/2022 - 01/15/2022,Jenilee Mowling,4:00:00,4
Cohort 219,(Without client),01/09/2022 - 01/15/2022,Alric Nekrews,18:03:01,18.05027778
Cohort 219,(Without client),01/09/2022 - 01/15/2022,Steffi Witherup,15:01:36,15.02666667
Cohort 219,(Without client),01/09/2022 - 01/15/2022,Nerissa Camoletto,5:00:00,5
Cohort 219,(Without client),01/16/2022 - 01/22/2022,Alameda Minter,6:00:00,6
Cohort 219,(Without client),01/16/2022 - 01/22/2022,Aleece Powis,4:00:00,4
Cohort 219,(Without client),01/16/2022 - 01/22/2022,Dame Gaymer,4:00:00,4
Cohort 219,(Without client),01/16/2022 - 01/22/2022,Garold Hutfield,5:00:00,5
Cohort 219,(Without client),01/16/2022 - 01/22/2022,Archibaldo Billyeald,5:12:50,5.213888889
Cohort 219,(Without client),01/16/2022 - 01/22/2022,Brian Happel,11:30:00,11.5
Cohort 219,(Without client),01/16/2022 - 01/22/2022,Shaw Paireman,10:30:00,10.5
Cohort 219,(Without client),01/16/2022 - 01/22/2022,Kalila Arons,9:30:00,9.5
Cohort 219,(Without client),01/16/2022 - 01/22/2022,Adriano Staton,11:00:00,11
Cohort 219,(Without client),01/16/2022 - 01/22/2022,Alasteir Izard,1:59:00,1.983333333
Cohort 219,(Without client),01/16/2022 - 01/22/2022,Lynnett Jane,4:29:38,4.493888889
Cohort 219,(Without client),01/16/2022 - 01/22/2022,Ruthi Yurygyn,4:00:00,4
Cohort 219,(Without client),01/16/2022 - 01/22/2022,Esmeralda Boulding,25:00:00,25
Cohort 219,(Without client),01/16/2022 - 01/22/2022,Kale Perin,20:41:00,20.68333333
Cohort 219,(Without client),01/16/2022 - 01/22/2022,Alessandro Blayney,4:00:00,4
Cohort 219,(Without client),01/16/2022 - 01/22/2022,Garvy Bente,2:00:00,2
Cohort 219,(Without client),01/16/2022 - 01/22/2022,Dulcine Duck,24:37:41,24.62805556
Cohort 219,(Without client),01/16/2022 - 01/22/2022,Ronny Bahia,20:53:17,20.88805556
Cohort 219,(Without client),01/16/2022 - 01/22/2022,Mora Bengle,6:00:00,6
Cohort 219,(Without client),01/23/2022 - 01/29/2022,Katine Hallifax,8:00:00,8
Cohort 219,(Without client),01/23/2022 - 01/29/2022,Henri Dunn,10:22:28,10.37444444
Cohort 219,(Without client),01/23/2022 - 01/29/2022,Jilli Lempenny,4:00:00,4
Cohort 219,(Without client),01/23/2022 - 01/29/2022,Lonni Stean,3:00:00,3
Cohort 219,(Without client),01/23/2022 - 01/29/2022,Myrtle Pumfrett,13:59:56,13.99888889
Cohort 219,(Without client),01/23/2022 - 01/29/2022,Randall Fetterplace,4:00:00,4
Cohort 219,(Without client),01/23/2022 - 01/29/2022,Jenilee Mowling,6:00:00,6
Cohort 219,(Without client),01/23/2022 - 01/29/2022,Alric Nekrews,6:42:00,6.7
Cohort 219,(Without client),01/23/2022 - 01/29/2022,Steffi Witherup,33:00:00,33
Cohort 219,(Without client),01/23/2022 - 01/29/2022,Nerissa Camoletto,9:27:00,9.45
Cohort 219,(Without client),01/23/2022 - 01/29/2022,Alameda Minter,4:00:00,4
Cohort 219,(Without client),01/23/2022 - 01/29/2022,Aleece Powis,4:00:00,4
Cohort 219,(Without client),01/23/2022 - 01/29/2022,Dame Gaymer,25:30:00,25.5
Cohort 219,(Without client),01/23/2022 - 01/29/2022,Garold Hutfield,23:19:38,23.32722222
Cohort 219,(Without client),01/23/2022 - 01/29/2022,Archibaldo Billyeald,4:00:00,4
Cohort 219,(Without client),01/23/2022 - 01/29/2022,Brian Happel,2:00:00,2
Cohort 219,(Without client),01/23/2022 - 01/29/2022,Shaw Paireman,9:18:45,9.3125
Cohort 219,(Without client),01/23/2022 - 01/29/2022,Kalila Arons,14:48:56,14.81555556
Cohort 219,(Without client),01/23/2022 - 01/29/2022,Adriano Staton,5:11:59,5.199722222
Cohort 219,(Without client),01/30/2022 - 02/05/2022,Alasteir Izard,6:00:00,6
Cohort 219,(Without client),01/30/2022 - 02/05/2022,Lynnett Jane,5:50:49,5.846944444
Cohort 219,(Without client),01/30/2022 - 02/05/2022,Ruthi Yurygyn,2:30:00,2.5
Cohort 219,(Without client),01/30/2022 - 02/05/2022,Esmeralda Boulding,1:53:56,1.898888889
Cohort 219,(Without client),01/30/2022 - 02/05/2022,Kale Perin,12:15:00,12.25
Cohort 219,(Without client),01/30/2022 - 02/05/2022,Alessandro Blayney,7:00:00,7
Cohort 219,(Without client),01/30/2022 - 02/05/2022,Garvy Bente,8:34:00,8.566666667
Cohort 219,(Without client),01/30/2022 - 02/05/2022,Dulcine Duck,6:00:00,6
Cohort 219,(Without client),01/30/2022 - 02/05/2022,Ronny Bahia,2:00:00,2
Cohort 219,(Without client),01/30/2022 - 02/05/2022,Mora Bengle,12:30:00,12.5
Cohort 219,(Without client),01/30/2022 - 02/05/2022,Katine Hallifax,8:05:00,8.083333333
Cohort 219,(Without client),01/30/2022 - 02/05/2022,Henri Dunn,5:00:00,5
Cohort 219,(Without client),01/30/2022 - 02/05/2022,Jilli Lempenny,4:00:00,4
Cohort 219,(Without client),01/30/2022 - 02/05/2022,Lonni Stean,4:00:00,4
Cohort 219,(Without client),01/30/2022 - 02/05/2022,Myrtle Pumfrett,18:47:08,18.78555556
Cohort 219,(Without client),01/30/2022 - 02/05/2022,Randall Fetterplace,4:00:00,4
Cohort 219,(Without client),02/06/2022 - 02/12/2022,Jenilee Mowling,4:00:00,4
Cohort 219,(Without client),02/06/2022 - 02/12/2022,Alric Nekrews,6:52:21,6.8725
Cohort 219,(Without client),02/06/2022 - 02/12/2022,Steffi Witherup,9:45:00,9.75
Cohort 219,(Without client),02/06/2022 - 02/12/2022,Nerissa Camoletto,11:00:00,11
Cohort 219,(Without client),02/06/2022 - 02/12/2022,Alameda Minter,10:00:00,10
Cohort 219,(Without client),02/06/2022 - 02/12/2022,Aleece Powis,3:46:00,3.766666667
Cohort 219,(Without client),02/06/2022 - 02/12/2022,Dame Gaymer,3:00:00,3
Cohort 219,(Without client),02/06/2022 - 02/12/2022,Garold Hutfield,14:30:00,14.5
Cohort 219,(Without client),02/06/2022 - 02/12/2022,Archibaldo Billyeald,11:41:00,11.68333333
Cohort 219,(Without client),02/06/2022 - 02/12/2022,Brian Happel,4:00:00,4
Cohort 219,(Without client),02/06/2022 - 02/12/2022,Shaw Paireman,6:15:00,6.25
Cohort 219,(Without client),02/06/2022 - 02/12/2022,Kalila Arons,11:50:11,11.83638889
Cohort 219,(Without client),02/06/2022 - 02/12/2022,Adriano Staton,6:00:00,6
Cohort 219,(Without client),02/13/2022 - 02/19/2022,Alasteir Izard,1:34:21,1.5725
Cohort 219,(Without client),02/13/2022 - 02/19/2022,Lynnett Jane,4:00:00,4
Cohort 219,(Without client),02/13/2022 - 02/19/2022,Ruthi Yurygyn,6:17:45,6.295833333
Cohort 219,(Without client),02/13/2022 - 02/19/2022,Esmeralda Boulding,2:00:00,2
Cohort 219,(Without client),02/13/2022 - 02/19/2022,Kale Perin,4:00:00,4
Cohort 219,(Without client),02/13/2022 - 02/19/2022,Alessandro Blayney,2:00:00,2
Cohort 219,(Without client),02/13/2022 - 02/19/2022,Garvy Bente,8:00:00,8
Cohort 219,(Without client),02/13/2022 - 02/19/2022,Dulcine Duck,4:00:00,4
Cohort 219,(Without client),02/13/2022 - 02/19/2022,Ronny Bahia,3:58:00,3.966666667
Cohort 219,(Without client),02/13/2022 - 02/19/2022,Mora Bengle,20:30:00,20.5
Cohort 219,(Without client),02/13/2022 - 02/19/2022,Katine Hallifax,20:00:00,20
Cohort 219,(Without client),02/13/2022 - 02/19/2022,Henri Dunn,6:00:00,6
Cohort 219,(Without client),02/13/2022 - 02/19/2022,Jilli Lempenny,8:00:00,8
Cohort 219,(Without client),02/13/2022 - 02/19/2022,Lonni Stean,16:24:32,16.40888889
Cohort 219,(Without client),02/13/2022 - 02/19/2022,Myrtle Pumfrett,6:00:00,6
Cohort 219,(Without client),02/20/2022 - 02/26/2022,Randall Fetterplace,4:00:00,4
Cohort 219,(Without client),02/20/2022 - 02/26/2022,Jenilee Mowling,7:18:00,7.3
Cohort 219,(Without client),02/20/2022 - 02/26/2022,Alric Nekrews,5:55:37,5.926944444
Cohort 219,(Without client),02/20/2022 - 02/26/2022,Steffi Witherup,9:00:00,9
Cohort 219,(Without client),02/20/2022 - 02/26/2022,Nerissa Camoletto,2:00:00,2
Cohort 219,(Without client),02/20/2022 - 02/26/2022,Alameda Minter,3:44:00,3.733333333
Cohort 219,(Without client),02/20/2022 - 02/26/2022,Aleece Powis,20:03:00,20.05
Cohort 219,(Without client),02/20/2022 - 02/26/2022,Dame Gaymer,2:00:00,2
Cohort 219,(Without client),02/20/2022 - 02/26/2022,Garold Hutfield,18:36:10,18.60277778
Cohort 219,(Without client),02/20/2022 - 02/26/2022,Archibaldo Billyeald,4:00:00,4
Cohort 219,(Without client),02/27/2022 - 03/05/2022,Brian Happel,4:00:00,4
Cohort 219,(Without client),02/27/2022 - 03/05/2022,Shaw Paireman,5:55:20,5.922222222
Cohort 219,(Without client),02/27/2022 - 03/05/2022,Kalila Arons,4:00:00,4
Cohort 219,(Without client),02/27/2022 - 03/05/2022,Adriano Staton,3:00:00,3
Cohort 219,(Without client),02/27/2022 - 03/05/2022,Alasteir Izard,7:11:00,7.183333333
Cohort 219,(Without client),02/27/2022 - 03/05/2022,Lynnett Jane,2:00:00,2
Cohort 219,(Without client),02/27/2022 - 03/05/2022,Ruthi Yurygyn,3:58:00,3.966666667
Cohort 219,(Without client),02/27/2022 - 03/05/2022,Esmeralda Boulding,2:00:00,2
Cohort 219,(Without client),02/27/2022 - 03/05/2022,Kale Perin,15:07:00,15.11666667
Cohort 219,(Without client),02/27/2022 - 03/05/2022,Alessandro Blayney,4:00:00,4
Cohort 219,(Without client),02/27/2022 - 03/05/2022,Garvy Bente,4:00:00,4
Cohort 219,(Without client),02/27/2022 - 03/05/2022,Dulcine Duck,17:48:22,17.80611111
Cohort 219,(Without client),02/27/2022 - 03/05/2022,Ronny Bahia,4:00:00,4
Cohort 219,(Without client),03/06/2022 - 03/12/2022,Mora Bengle,2:32:36,2.543333333
Cohort 219,(Without client),03/06/2022 - 03/12/2022,Katine Hallifax,7:00:00,7
Cohort 219,(Without client),03/06/2022 - 03/12/2022,Henri Dunn,5:28:02,5.467222222
Cohort 219,(Without client),03/06/2022 - 03/12/2022,Jilli Lempenny,5:36:00,5.6
Cohort 219,(Without client),03/06/2022 - 03/12/2022,Lonni Stean,10:49:00,10.81666667
Cohort 219,(Without client),03/06/2022 - 03/12/2022,Myrtle Pumfrett,21:06:33,21.10916667
Cohort 219,(Without client),03/13/2022 - 03/19/2022,Randall Fetterplace,4:00:00,4
Cohort 219,(Without client),03/13/2022 - 03/19/2022,Jenilee Mowling,0:09:25,0.1569444444
Cohort 219,(Without client),03/13/2022 - 03/19/2022,Alric Nekrews,4:34:04,4.567777778
Cohort 219,(Without client),03/13/2022 - 03/19/2022,Steffi Witherup,3:40:00,3.666666667
Cohort 219,(Without client),03/13/2022 - 03/19/2022,Nerissa Camoletto,20:03:00,20.05
Cohort 219,(Without client),03/13/2022 - 03/19/2022,Alameda Minter,21:00:00,21
Cohort 219,(Without client),03/20/2022 - 03/26/2022,Aleece Powis,4:00:00,4
Cohort 219,(Without client),03/20/2022 - 03/26/2022,Dame Gaymer,6:56:20,6.938888889
Cohort 219,(Without client),03/20/2022 - 03/26/2022,Garold Hutfield,7:10:00,7.166666667
Cohort 219,(Without client),03/20/2022 - 03/26/2022,Archibaldo Billyeald,5:38:00,5.633333333
Cohort 219,(Without client),03/20/2022 - 03/26/2022,Brian Happel,17:45:00,17.75
Cohort 219,(Without client),03/27/2022 - 04/02/2022,Shaw Paireman,5:30:00,5.5
Cohort 219,(Without client),03/27/2022 - 04/02/2022,Kalila Arons,5:16:43,5.278611111
Cohort 219,(Without client),03/27/2022 - 04/02/2022,Adriano Staton,7:00:00,7
Cohort 219,(Without client),03/27/2022 - 04/02/2022,Alasteir Izard,20:55:00,20.91666667
Cohort 219,(Without client),04/03/2022 - 04/09/2022,Lynnett Jane,4:00:00,4
Cohort 219,(Without client),04/03/2022 - 04/09/2022,Ruthi Yurygyn,5:34:33,5.575833333
Cohort 219,(Without client),04/03/2022 - 04/09/2022,Esmeralda Boulding,7:42:00,7.7
Cohort 219,(Without client),04/03/2022 - 04/09/2022,Kale Perin,20:45:00,20.75
Cohort 219,(Without client),04/10/2022 - 04/16/2022,Alessandro Blayney,8:30:00,8.5
Cohort 219,(Without client),04/10/2022 - 04/16/2022,Garvy Bente,7:07:48,7.13
Cohort 219,(Without client),04/10/2022 - 04/16/2022,Dulcine Duck,12:28:00,12.46666667
Cohort 219,(Without client),04/10/2022 - 04/16/2022,Ronny Bahia,2:00:00,2
Cohort 219,(Without client),04/17/2022 - 04/23/2022,Mora Bengle,7:00:00,7
Cohort 219,(Without client),04/17/2022 - 04/23/2022,Katine Hallifax,6:56:59,6.949722222
Cohort 219,(Without client),04/17/2022 - 04/23/2022,Henri Dunn,13:32:00,13.53333333
Cohort 219,(Without client),04/17/2022 - 04/23/2022,Jilli Lempenny,21:30:00,21.5
Cohort 219,(Without client),04/24/2022 - 04/30/2022,Lonni Stean,4:00:00,4
Cohort 219,(Without client),04/24/2022 - 04/30/2022,Myrtle Pumfrett,9:19:44,9.328888889
Cohort 219,(Without client),04/24/2022 - 04/30/2022,Randall Fetterplace,2:09:00,2.15
Cohort 219,(Without client),05/01/2022 - 05/07/2022,Jenilee Mowling,4:00:00,4
Cohort 219,(Without client),05/01/2022 - 05/07/2022,Alric Nekrews,8:26:00,8.433333333
Cohort 219,(Without client),05/01/2022 - 05/07/2022,Steffi Witherup,1:08:58,1.149444444
Cohort 219,(Without client),05/08/2022 - 05/14/2022,Nerissa Camoletto,4:00:00,4
Cohort 219,(Without client),05/08/2022 - 05/14/2022,Alameda Minter,2:53:06,2.885
Cohort 219,(Without client),05/08/2022 - 05/14/2022,Aleece Powis,4:04:49,4.080277778
Cohort 219,(Without client),05/15/2022 - 05/21/2022,Dame Gaymer,4:00:00,4
Cohort 219,(Without client),05/15/2022 - 05/21/2022,Garold Hutfield,4:54:48,4.913333333
Cohort 219,(Without client),05/15/2022 - 05/21/2022,Archibaldo Billyeald,2:00:00,2
Cohort 219,(Without client),05/22/2022 - 05/28/2022,Brian Happel,6:00:00,6
Cohort 219,(Without client),05/22/2022 - 05/28/2022,Shaw Paireman,4:49:40,4.827777778
Cohort 219,(Without client),05/22/2022 - 05/28/2022,Kalila Arons,2:00:00,2
Cohort 219,(Without client),05/29/2022 - 06/04/2022,Adriano Staton,4:38:35,4.643055556
Cohort 219,(Without client),06/12/2022 - 06/18/2022,Alasteir Izard,2:00:00,2
Cohort 219,(Without client),06/19/2022 - 06/25/2022,Lynnett Jane,2:00:00,2
Cohort 219,(Without client),06/19/2022 - 06/25/2022,Ruthi Yurygyn,2:00:00,2
Cohort 219,(Without client),06/26/2022 - 07/02/2022,Esmeralda Boulding,4:00:00,4
Cohort 219,(Without client),07/31/2022 - 08/06/2022,Kale Perin,2:46:37,2.776944444
Cohort 219,(Without client),08/28/2022 - 09/03/2022,Alessandro Blayney,1:00:00,1
Cohort 219,(Without client),08/28/2022 - 09/03/2022,Garvy Bente,8:35:25,8.590277778
Cohort 219,(Without client),09/04/2022 - 09/10/2022,Dulcine Duck,2:00:00,2
Cohort 219,(Without client),09/11/2022 - 09/17/2022,Ronny Bahia,2:00:00,2
Cohort 219,(Without client),09/18/2022 - 09/24/2022,Mora Bengle,2:30:00,2.5
Cohort 219,(Without client),09/25/2022 - 10/01/2022,Katine Hallifax,3:30:00,3.5
Cohort 219,(Without client),10/02/2022 - 10/08/2022,Henri Dunn,3:00:00,3
Cohort 219,(Without client),10/09/2022 - 10/15/2022,Jilli Lempenny,3:00:00,3
Cohort 219,(Without client),10/16/2022 - 10/22/2022,Lonni Stean,4:00:00,4
Cohort 219,(Without client),10/23/2022 - 10/29/2022,Myrtle Pumfrett,2:00:00,2
Cohort 219,(Without client),10/30/2022 - 11/05/2022,Randall Fetterplace,2:00:00,2
Cohort 219,(Without client),11/06/2022 - 11/12/2022,Jenilee Mowling,2:00:00,2
Cohort 219,(Without client),11/13/2022 - 11/19/2022,Alric Nekrews,4:00:00,4
Cohort 219,(Without client),11/20/2022 - 11/26/2022,Steffi Witherup,2:00:00,2
Cohort 219,(Without client),11/27/2022 - 12/03/2022,Nerissa Camoletto,4:00:00,4
Cohort 219,(Without client),12/04/2022 - 12/10/2022,Alameda Minter,4:00:00,4
Cohort 219,(Without client),12/11/2022 - 12/17/2022,Aleece Powis,8:00:00,8
Cohort 219,(Without client),12/18/2022 - 12/24/2022,Dame Gaymer,2:00:00,2
Cohort 221,(Without client),01/02/2022 - 01/08/2022,Renato Callam,12:00:00,12
Cohort 221,(Without client),01/16/2022 - 01/22/2022,Glen Coules,5:50:30,5.841666667
Cohort 221,(Without client),01/16/2022 - 01/22/2022,Emmalyn Riste,1:55:12,1.92
Cohort 221,(Without client),01/16/2022 - 01/22/2022,Minette Hembling,2:00:00,2
Cohort 221,(Without client),01/16/2022 - 01/22/2022,Linell Rowles,2:00:00,2
Cohort 221,(Without client),01/16/2022 - 01/22/2022,Avie Huckell,2:00:00,2
Cohort 221,(Without client),01/16/2022 - 01/22/2022,Hillary Surby,4:04:00,4.066666667
Cohort 221,(Without client),01/16/2022 - 01/22/2022,Lynnette Atchly,2:20:00,2.333333333
Cohort 221,(Without client),01/16/2022 - 01/22/2022,Zita Habgood,2:05:00,2.083333333
Cohort 221,(Without client),01/16/2022 - 01/22/2022,Ricca Kerne,4:39:00,4.65
Cohort 221,(Without client),01/16/2022 - 01/22/2022,Arie Cirlos,3:00:00,3
Cohort 221,(Without client),01/16/2022 - 01/22/2022,Murvyn Iacovacci,2:00:00,2
Cohort 221,(Without client),01/16/2022 - 01/22/2022,Darleen Eliasson,2:00:00,2
Cohort 221,(Without client),01/16/2022 - 01/22/2022,Geri Airlie,4:02:03,4.034166667
Cohort 221,(Without client),01/16/2022 - 01/22/2022,Tobey Sames,4:07:52,4.131111111
Cohort 221,(Without client),01/16/2022 - 01/22/2022,Carmel Stokell,5:30:00,5.5
Cohort 221,(Without client),01/16/2022 - 01/22/2022,Kevin Ech,8:04:57,8.0825
Cohort 221,(Without client),01/16/2022 - 01/22/2022,Valeda Oppie,2:00:00,2
Cohort 221,(Without client),01/16/2022 - 01/22/2022,Kaine Fishleigh,2:00:00,2
Cohort 221,(Without client),01/16/2022 - 01/22/2022,Lorin Tremelling,3:45:00,3.75
Cohort 221,(Without client),01/16/2022 - 01/22/2022,Huntington Newport,2:20:05,2.334722222
Cohort 221,(Without client),01/16/2022 - 01/22/2022,Merry Pozer,4:37:00,4.616666667
Cohort 221,(Without client),01/16/2022 - 01/22/2022,Alysa Tadgell,2:40:52,2.681111111
Cohort 221,(Without client),01/16/2022 - 01/22/2022,Taryn Heintzsch,2:00:00,2
Cohort 221,(Without client),01/16/2022 - 01/22/2022,Margarete Mingo,8:18:40,8.311111111
Cohort 221,(Without client),01/16/2022 - 01/22/2022,Wallache Beasleigh,7:27:35,7.459722222
Cohort 221,(Without client),01/16/2022 - 01/22/2022,Chrotoem Povall,8:00:00,8
Cohort 221,(Without client),01/16/2022 - 01/22/2022,Karlyn Cluely,2:00:00,2
Cohort 221,(Without client),01/16/2022 - 01/22/2022,Daune Larway,6:48:00,6.8
Cohort 221,(Without client),01/23/2022 - 01/29/2022,Wilmar Blasetti,9:30:29,9.508055556
Cohort 221,(Without client),01/23/2022 - 01/29/2022,Ursulina Sanchez,7:30:05,7.501388889
Cohort 221,(Without client),01/23/2022 - 01/29/2022,Son Klugel,0:39:00,0.65
Cohort 221,(Without client),01/23/2022 - 01/29/2022,Vivyanne Clackers,11:00:00,11
Cohort 221,(Without client),01/23/2022 - 01/29/2022,Camile Walklate,9:00:00,9
Cohort 221,(Without client),01/23/2022 - 01/29/2022,Skippie Kitley,21:04:00,21.06666667
Cohort 221,(Without client),01/23/2022 - 01/29/2022,Ross Votier,4:00:00,4
Cohort 221,(Without client),01/23/2022 - 01/29/2022,Billi Mullins,13:00:00,13
Cohort 221,(Without client),01/23/2022 - 01/29/2022,Renato Callam,12:13:12,12.22
Cohort 221,(Without client),01/23/2022 - 01/29/2022,Glen Coules,4:20:00,4.333333333
Cohort 221,(Without client),01/23/2022 - 01/29/2022,Emmalyn Riste,2:00:00,2
Cohort 221,(Without client),01/23/2022 - 01/29/2022,Minette Hembling,12:00:00,12
Cohort 221,(Without client),01/23/2022 - 01/29/2022,Linell Rowles,6:00:00,6
Cohort 221,(Without client),01/23/2022 - 01/29/2022,Avie Huckell,6:00:00,6
Cohort 221,(Without client),01/23/2022 - 01/29/2022,Hillary Surby,4:01:00,4.016666667
Cohort 221,(Without client),01/23/2022 - 01/29/2022,Lynnette Atchly,19:09:56,19.16555556
Cohort 221,(Without client),01/23/2022 - 01/29/2022,Zita Habgood,4:00:00,4
Cohort 221,(Without client),01/23/2022 - 01/29/2022,Ricca Kerne,4:53:42,4.895
Cohort 221,(Without client),01/23/2022 - 01/29/2022,Arie Cirlos,9:30:00,9.5
Cohort 221,(Without client),01/23/2022 - 01/29/2022,Murvyn Iacovacci,8:40:00,8.666666667
Cohort 221,(Without client),01/23/2022 - 01/29/2022,Darleen Eliasson,13:18:00,13.3
Cohort 221,(Without client),01/23/2022 - 01/29/2022,Geri Airlie,14:59:37,14.99361111
Cohort 221,(Without client),01/23/2022 - 01/29/2022,Tobey Sames,13:00:00,13
Cohort 221,(Without client),01/23/2022 - 01/29/2022,Carmel Stokell,9:54:57,9.915833333
Cohort 221,(Without client),01/23/2022 - 01/29/2022,Kevin Ech,11:00:00,11
Cohort 221,(Without client),01/23/2022 - 01/29/2022,Valeda Oppie,12:49:13,12.82027778
Cohort 221,(Without client),01/23/2022 - 01/29/2022,Kaine Fishleigh,12:00:00,12
Cohort 221,(Without client),01/23/2022 - 01/29/2022,Lorin Tremelling,4:30:00,4.5
Cohort 221,(Without client),01/23/2022 - 01/29/2022,Huntington Newport,4:00:00,4
Cohort 221,(Without client),01/23/2022 - 01/29/2022,Merry Pozer,10:00:00,10
Cohort 221,(Without client),01/30/2022 - 02/05/2022,Alysa Tadgell,2:00:00,2
Cohort 221,(Without client),01/30/2022 - 02/05/2022,Taryn Heintzsch,4:00:00,4
Cohort 221,(Without client),01/30/2022 - 02/05/2022,Margarete Mingo,11:09:43,11.16194444
Cohort 221,(Without client),01/30/2022 - 02/05/2022,Wallache Beasleigh,10:30:00,10.5
Cohort 221,(Without client),01/30/2022 - 02/05/2022,Chrotoem Povall,7:00:00,7
Cohort 221,(Without client),01/30/2022 - 02/05/2022,Karlyn Cluely,2:00:00,2
Cohort 221,(Without client),01/30/2022 - 02/05/2022,Daune Larway,2:00:00,2
Cohort 221,(Without client),01/30/2022 - 02/05/2022,Wilmar Blasetti,17:25:00,17.41666667
Cohort 221,(Without client),01/30/2022 - 02/05/2022,Ursulina Sanchez,4:25:00,4.416666667
Cohort 221,(Without client),01/30/2022 - 02/05/2022,Son Klugel,4:07:00,4.116666667
Cohort 221,(Without client),01/30/2022 - 02/05/2022,Vivyanne Clackers,4:00:00,4
Cohort 221,(Without client),01/30/2022 - 02/05/2022,Camile Walklate,5:16:00,5.266666667
Cohort 221,(Without client),01/30/2022 - 02/05/2022,Skippie Kitley,6:45:00,6.75
Cohort 221,(Without client),01/30/2022 - 02/05/2022,Ross Votier,5:30:00,5.5
Cohort 221,(Without client),01/30/2022 - 02/05/2022,Billi Mullins,4:00:00,4
Cohort 221,(Without client),01/30/2022 - 02/05/2022,Renato Callam,21:45:00,21.75
Cohort 221,(Without client),01/30/2022 - 02/05/2022,Glen Coules,4:00:00,4
Cohort 221,(Without client),01/30/2022 - 02/05/2022,Emmalyn Riste,7:38:54,7.648333333
Cohort 221,(Without client),01/30/2022 - 02/05/2022,Minette Hembling,6:00:00,6
Cohort 221,(Without client),01/30/2022 - 02/05/2022,Linell Rowles,10:55:00,10.91666667
Cohort 221,(Without client),01/30/2022 - 02/05/2022,Avie Huckell,5:00:00,5
Cohort 221,(Without client),01/30/2022 - 02/05/2022,Hillary Surby,3:30:00,3.5
Cohort 221,(Without client),01/30/2022 - 02/05/2022,Lynnette Atchly,9:00:00,9
Cohort 221,(Without client),01/30/2022 - 02/05/2022,Zita Habgood,14:44:58,14.74944444
Cohort 221,(Without client),01/30/2022 - 02/05/2022,Ricca Kerne,12:50:00,12.83333333
Cohort 221,(Without client),01/30/2022 - 02/05/2022,Arie Cirlos,10:03:20,10.05555556
Cohort 221,(Without client),01/30/2022 - 02/05/2022,Murvyn Iacovacci,11:00:00,11
Cohort 221,(Without client),01/30/2022 - 02/05/2022,Darleen Eliasson,4:00:00,4
Cohort 221,(Without client),01/30/2022 - 02/05/2022,Geri Airlie,8:30:00,8.5
Cohort 221,(Without client),02/06/2022 - 02/12/2022,Tobey Sames,4:00:00,4
Cohort 221,(Without client),02/06/2022 - 02/12/2022,Carmel Stokell,6:00:00,6
Cohort 221,(Without client),02/06/2022 - 02/12/2022,Kevin Ech,8:00:00,8
Cohort 221,(Without client),02/06/2022 - 02/12/2022,Valeda Oppie,9:30:00,9.5
Cohort 221,(Without client),02/06/2022 - 02/12/2022,Kaine Fishleigh,6:00:00,6
Cohort 221,(Without client),02/06/2022 - 02/12/2022,Lorin Tremelling,12:20:00,12.33333333
Cohort 221,(Without client),02/06/2022 - 02/12/2022,Huntington Newport,2:00:00,2
Cohort 221,(Without client),02/06/2022 - 02/12/2022,Merry Pozer,22:20:00,22.33333333
Cohort 221,(Without client),02/06/2022 - 02/12/2022,Alysa Tadgell,12:20:00,12.33333333
Cohort 221,(Without client),02/06/2022 - 02/12/2022,Taryn Heintzsch,4:08:00,4.133333333
Cohort 221,(Without client),02/06/2022 - 02/12/2022,Margarete Mingo,4:00:00,4
Cohort 221,(Without client),02/06/2022 - 02/12/2022,Wallache Beasleigh,4:00:00,4
Cohort 221,(Without client),02/06/2022 - 02/12/2022,Chrotoem Povall,3:00:00,3
Cohort 221,(Without client),02/06/2022 - 02/12/2022,Karlyn Cluely,6:00:00,6
Cohort 221,(Without client),02/06/2022 - 02/12/2022,Daune Larway,24:30:00,24.5
Cohort 221,(Without client),02/06/2022 - 02/12/2022,Wilmar Blasetti,4:00:00,4
Cohort 221,(Without client),02/06/2022 - 02/12/2022,Ursulina Sanchez,6:30:00,6.5
Cohort 221,(Without client),02/06/2022 - 02/12/2022,Son Klugel,10:11:22,10.18944444
Cohort 221,(Without client),02/06/2022 - 02/12/2022,Vivyanne Clackers,4:00:00,4
Cohort 221,(Without client),02/06/2022 - 02/12/2022,Camile Walklate,9:20:00,9.333333333
Cohort 221,(Without client),02/06/2022 - 02/12/2022,Skippie Kitley,4:00:00,4
Cohort 221,(Without client),02/06/2022 - 02/12/2022,Ross Votier,4:00:00,4
Cohort 221,(Without client),02/06/2022 - 02/12/2022,Billi Mullins,27:58:00,27.96666667
Cohort 221,(Without client),02/06/2022 - 02/12/2022,Renato Callam,2:00:00,2
Cohort 221,(Without client),02/06/2022 - 02/12/2022,Glen Coules,11:14:01,11.23361111
Cohort 221,(Without client),02/06/2022 - 02/12/2022,Emmalyn Riste,2:00:00,2
Cohort 221,(Without client),02/06/2022 - 02/12/2022,Minette Hembling,7:00:00,7
Cohort 221,(Without client),02/06/2022 - 02/12/2022,Linell Rowles,7:33:22,7.556111111
Cohort 221,(Without client),02/06/2022 - 02/12/2022,Avie Huckell,7:30:00,7.5
Cohort 221,(Without client),02/06/2022 - 02/12/2022,Hillary Surby,14:30:00,14.5
Cohort 221,(Without client),02/06/2022 - 02/12/2022,Lynnette Atchly,2:00:00,2
Cohort 221,(Without client),02/06/2022 - 02/12/2022,Zita Habgood,8:45:00,8.75
Cohort 221,(Without client),02/13/2022 - 02/19/2022,Ricca Kerne,5:14:00,5.233333333
Cohort 221,(Without client),02/13/2022 - 02/19/2022,Arie Cirlos,6:00:00,6
Cohort 221,(Without client),02/13/2022 - 02/19/2022,Murvyn Iacovacci,4:00:00,4
Cohort 221,(Without client),02/13/2022 - 02/19/2022,Darleen Eliasson,2:30:00,2.5
Cohort 221,(Without client),02/13/2022 - 02/19/2022,Geri Airlie,10:50:00,10.83333333
Cohort 221,(Without client),02/13/2022 - 02/19/2022,Tobey Sames,6:35:00,6.583333333
Cohort 221,(Without client),02/13/2022 - 02/19/2022,Carmel Stokell,2:00:00,2
Cohort 221,(Without client),02/13/2022 - 02/19/2022,Kevin Ech,2:00:00,2
Cohort 221,(Without client),02/13/2022 - 02/19/2022,Valeda Oppie,2:00:00,2
Cohort 221,(Without client),02/13/2022 - 02/19/2022,Kaine Fishleigh,3:30:00,3.5
Cohort 221,(Without client),02/13/2022 - 02/19/2022,Lorin Tremelling,2:00:00,2
Cohort 221,(Without client),02/13/2022 - 02/19/2022,Huntington Newport,23:42:00,23.7
Cohort 221,(Without client),02/13/2022 - 02/19/2022,Merry Pozer,2:00:00,2
Cohort 221,(Without client),02/13/2022 - 02/19/2022,Alysa Tadgell,2:00:00,2
Cohort 221,(Without client),02/13/2022 - 02/19/2022,Taryn Heintzsch,5:30:00,5.5
Cohort 221,(Without client),02/13/2022 - 02/19/2022,Margarete Mingo,4:21:00,4.35
Cohort 221,(Without client),02/13/2022 - 02/19/2022,Wallache Beasleigh,2:00:00,2
Cohort 221,(Without client),02/13/2022 - 02/19/2022,Chrotoem Povall,27:21:07,27.35194444
Cohort 221,(Without client),02/13/2022 - 02/19/2022,Karlyn Cluely,2:34:31,2.575277778
Cohort 221,(Without client),02/13/2022 - 02/19/2022,Daune Larway,2:00:00,2
Cohort 221,(Without client),02/13/2022 - 02/19/2022,Wilmar Blasetti,4:00:00,4
Cohort 221,(Without client),02/13/2022 - 02/19/2022,Ursulina Sanchez,11:00:00,11
Cohort 221,(Without client),02/13/2022 - 02/19/2022,Son Klugel,2:00:00,2
Cohort 221,(Without client),02/13/2022 - 02/19/2022,Vivyanne Clackers,2:00:00,2
Cohort 221,(Without client),02/13/2022 - 02/19/2022,Camile Walklate,6:10:00,6.166666667
Cohort 221,(Without client),02/20/2022 - 02/26/2022,Skippie Kitley,6:31:00,6.516666667
Cohort 221,(Without client),02/20/2022 - 02/26/2022,Ross Votier,8:00:00,8
Cohort 221,(Without client),02/20/2022 - 02/26/2022,Billi Mullins,6:00:00,6
Cohort 221,(Without client),02/20/2022 - 02/26/2022,Renato Callam,4:45:00,4.75
Cohort 221,(Without client),02/20/2022 - 02/26/2022,Glen Coules,9:10:00,9.166666667
Cohort 221,(Without client),02/20/2022 - 02/26/2022,Emmalyn Riste,6:43:00,6.716666667
Cohort 221,(Without client),02/20/2022 - 02/26/2022,Minette Hembling,2:15:00,2.25
Cohort 221,(Without client),02/20/2022 - 02/26/2022,Linell Rowles,5:00:00,5
Cohort 221,(Without client),02/20/2022 - 02/26/2022,Avie Huckell,4:00:00,4
Cohort 221,(Without client),02/20/2022 - 02/26/2022,Hillary Surby,2:00:00,2
Cohort 221,(Without client),02/20/2022 - 02/26/2022,Lynnette Atchly,20:00:00,20
Cohort 221,(Without client),02/20/2022 - 02/26/2022,Zita Habgood,2:00:00,2
Cohort 221,(Without client),02/20/2022 - 02/26/2022,Ricca Kerne,6:01:15,6.020833333
Cohort 221,(Without client),02/20/2022 - 02/26/2022,Arie Cirlos,3:00:00,3
Cohort 221,(Without client),02/20/2022 - 02/26/2022,Murvyn Iacovacci,6:45:00,6.75
Cohort 221,(Without client),02/20/2022 - 02/26/2022,Darleen Eliasson,2:00:00,2
Cohort 221,(Without client),02/20/2022 - 02/26/2022,Geri Airlie,32:07:09,32.11916667
Cohort 221,(Without client),02/20/2022 - 02/26/2022,Tobey Sames,3:49:30,3.825
Cohort 221,(Without client),02/20/2022 - 02/26/2022,Carmel Stokell,2:00:00,2
Cohort 221,(Without client),02/20/2022 - 02/26/2022,Kevin Ech,4:00:00,4
Cohort 221,(Without client),02/20/2022 - 02/26/2022,Valeda Oppie,6:15:00,6.25
Cohort 221,(Without client),02/20/2022 - 02/26/2022,Kaine Fishleigh,2:00:00,2
Cohort 221,(Without client),02/20/2022 - 02/26/2022,Lorin Tremelling,2:00:00,2
Cohort 221,(Without client),02/20/2022 - 02/26/2022,Huntington Newport,7:30:00,7.5
Cohort 221,(Without client),02/27/2022 - 03/05/2022,Merry Pozer,6:30:00,6.5
Cohort 221,(Without client),02/27/2022 - 03/05/2022,Alysa Tadgell,7:29:00,7.483333333
Cohort 221,(Without client),02/27/2022 - 03/05/2022,Taryn Heintzsch,7:00:00,7
Cohort 221,(Without client),02/27/2022 - 03/05/2022,Margarete Mingo,7:30:00,7.5
Cohort 221,(Without client),02/27/2022 - 03/05/2022,Wallache Beasleigh,2:15:00,2.25
Cohort 221,(Without client),02/27/2022 - 03/05/2022,Chrotoem Povall,4:30:00,4.5
Cohort 221,(Without client),02/27/2022 - 03/05/2022,Karlyn Cluely,2:00:00,2
Cohort 221,(Without client),02/27/2022 - 03/05/2022,Daune Larway,4:20:00,4.333333333
Cohort 221,(Without client),02/27/2022 - 03/05/2022,Wilmar Blasetti,6:30:00,6.5
Cohort 221,(Without client),02/27/2022 - 03/05/2022,Ursulina Sanchez,4:00:00,4
Cohort 221,(Without client),02/27/2022 - 03/05/2022,Son Klugel,4:00:00,4
Cohort 221,(Without client),02/27/2022 - 03/05/2022,Vivyanne Clackers,20:58:00,20.96666667
Cohort 221,(Without client),02/27/2022 - 03/05/2022,Camile Walklate,4:00:00,4
Cohort 221,(Without client),02/27/2022 - 03/05/2022,Skippie Kitley,1:58:36,1.976666667
Cohort 221,(Without client),02/27/2022 - 03/05/2022,Ross Votier,9:15:00,9.25
Cohort 221,(Without client),02/27/2022 - 03/05/2022,Billi Mullins,4:00:00,4
Cohort 221,(Without client),02/27/2022 - 03/05/2022,Renato Callam,2:00:00,2
Cohort 221,(Without client),02/27/2022 - 03/05/2022,Glen Coules,6:33:15,6.554166667
Cohort 221,(Without client),02/27/2022 - 03/05/2022,Emmalyn Riste,6:16:45,6.279166667
Cohort 221,(Without client),02/27/2022 - 03/05/2022,Minette Hembling,4:00:00,4
Cohort 221,(Without client),02/27/2022 - 03/05/2022,Linell Rowles,9:24:28,9.407777778
Cohort 221,(Without client),02/27/2022 - 03/05/2022,Avie Huckell,2:00:00,2
Cohort 221,(Without client),02/27/2022 - 03/05/2022,Hillary Surby,10:30:00,10.5
Cohort 221,(Without client),03/06/2022 - 03/12/2022,Lynnette Atchly,3:00:00,3
Cohort 221,(Without client),03/06/2022 - 03/12/2022,Zita Habgood,7:30:00,7.5
Cohort 221,(Without client),03/06/2022 - 03/12/2022,Ricca Kerne,6:00:00,6
Cohort 221,(Without client),03/06/2022 - 03/12/2022,Arie Cirlos,14:00:00,14
Cohort 221,(Without client),03/06/2022 - 03/12/2022,Murvyn Iacovacci,22:06:39,22.11083333
Cohort 221,(Without client),03/06/2022 - 03/12/2022,Darleen Eliasson,4:50:00,4.833333333
Cohort 221,(Without client),03/06/2022 - 03/12/2022,Geri Airlie,2:00:00,2
Cohort 221,(Without client),03/06/2022 - 03/12/2022,Tobey Sames,1:12:31,1.208611111
Cohort 221,(Without client),03/06/2022 - 03/12/2022,Carmel Stokell,4:00:00,4
Cohort 221,(Without client),03/06/2022 - 03/12/2022,Kevin Ech,5:00:00,5
Cohort 221,(Without client),03/06/2022 - 03/12/2022,Valeda Oppie,2:00:00,2
Cohort 221,(Without client),03/06/2022 - 03/12/2022,Kaine Fishleigh,20:58:00,20.96666667
Cohort 221,(Without client),03/06/2022 - 03/12/2022,Lorin Tremelling,8:47:36,8.793333333
Cohort 221,(Without client),03/06/2022 - 03/12/2022,Huntington Newport,10:00:00,10
Cohort 221,(Without client),03/06/2022 - 03/12/2022,Merry Pozer,2:00:00,2
Cohort 221,(Without client),03/06/2022 - 03/12/2022,Alysa Tadgell,1:43:00,1.716666667
Cohort 221,(Without client),03/06/2022 - 03/12/2022,Taryn Heintzsch,11:32:00,11.53333333
Cohort 221,(Without client),03/06/2022 - 03/12/2022,Margarete Mingo,1:30:00,1.5
Cohort 221,(Without client),03/06/2022 - 03/12/2022,Wallache Beasleigh,2:30:00,2.5
Cohort 221,(Without client),03/06/2022 - 03/12/2022,Chrotoem Povall,4:01:28,4.024444444
Cohort 221,(Without client),03/06/2022 - 03/12/2022,Karlyn Cluely,9:00:00,9
Cohort 221,(Without client),03/06/2022 - 03/12/2022,Daune Larway,4:00:00,4
Cohort 221,(Without client),03/06/2022 - 03/12/2022,Wilmar Blasetti,2:00:00,2
Cohort 221,(Without client),03/06/2022 - 03/12/2022,Ursulina Sanchez,7:30:00,7.5
Cohort 221,(Without client),03/13/2022 - 03/19/2022,Son Klugel,3:00:00,3
Cohort 221,(Without client),03/13/2022 - 03/19/2022,Vivyanne Clackers,11:00:00,11
Cohort 221,(Without client),03/13/2022 - 03/19/2022,Camile Walklate,11:15:00,11.25
Cohort 221,(Without client),03/13/2022 - 03/19/2022,Skippie Kitley,3:29:00,3.483333333
Cohort 221,(Without client),03/13/2022 - 03/19/2022,Ross Votier,17:00:00,17
Cohort 221,(Without client),03/13/2022 - 03/19/2022,Billi Mullins,4:00:00,4
Cohort 221,(Without client),03/13/2022 - 03/19/2022,Renato Callam,2:08:58,2.149444444
Cohort 221,(Without client),03/13/2022 - 03/19/2022,Glen Coules,4:00:00,4
Cohort 221,(Without client),03/13/2022 - 03/19/2022,Emmalyn Riste,5:30:00,5.5
Cohort 221,(Without client),03/13/2022 - 03/19/2022,Minette Hembling,8:30:00,8.5
Cohort 221,(Without client),03/13/2022 - 03/19/2022,Linell Rowles,7:30:00,7.5
Cohort 221,(Without client),03/13/2022 - 03/19/2022,Avie Huckell,4:00:00,4
Cohort 221,(Without client),03/13/2022 - 03/19/2022,Hillary Surby,1:55:13,1.920277778
Cohort 221,(Without client),03/13/2022 - 03/19/2022,Lynnette Atchly,4:00:00,4
Cohort 221,(Without client),03/13/2022 - 03/19/2022,Zita Habgood,4:15:00,4.25
Cohort 221,(Without client),03/13/2022 - 03/19/2022,Ricca Kerne,5:30:00,5.5
Cohort 221,(Without client),03/13/2022 - 03/19/2022,Arie Cirlos,14:43:00,14.71666667
Cohort 221,(Without client),03/13/2022 - 03/19/2022,Murvyn Iacovacci,1:36:53,1.614722222
Cohort 221,(Without client),03/13/2022 - 03/19/2022,Darleen Eliasson,13:00:00,13
Cohort 221,(Without client),03/13/2022 - 03/19/2022,Geri Airlie,4:00:00,4
Cohort 221,(Without client),03/13/2022 - 03/19/2022,Tobey Sames,9:00:00,9
Cohort 221,(Without client),03/13/2022 - 03/19/2022,Carmel Stokell,4:00:00,4
Cohort 221,(Without client),03/13/2022 - 03/19/2022,Kevin Ech,10:05:00,10.08333333
Cohort 221,(Without client),03/20/2022 - 03/26/2022,Valeda Oppie,1:30:00,1.5
Cohort 221,(Without client),03/20/2022 - 03/26/2022,Kaine Fishleigh,2:30:00,2.5
Cohort 221,(Without client),03/20/2022 - 03/26/2022,Lorin Tremelling,12:00:00,12
Cohort 221,(Without client),03/20/2022 - 03/26/2022,Huntington Newport,7:00:00,7
Cohort 221,(Without client),03/20/2022 - 03/26/2022,Merry Pozer,4:00:00,4
Cohort 221,(Without client),03/20/2022 - 03/26/2022,Alysa Tadgell,11:54:42,11.91166667
Cohort 221,(Without client),03/20/2022 - 03/26/2022,Taryn Heintzsch,4:00:00,4
Cohort 221,(Without client),03/20/2022 - 03/26/2022,Renato Callam,4:00:00,4
Cohort 221,(Without client),03/20/2022 - 03/26/2022,Glen Coules,2:00:00,2
Cohort 221,(Without client),03/20/2022 - 03/26/2022,Emmalyn Riste,4:00:00,4
Cohort 221,(Without client),03/20/2022 - 03/26/2022,Minette Hembling,4:00:00,4
Cohort 221,(Without client),03/20/2022 - 03/26/2022,Linell Rowles,4:00:00,4
Cohort 221,(Without client),03/20/2022 - 03/26/2022,Avie Huckell,4:00:00,4
Cohort 221,(Without client),03/20/2022 - 03/26/2022,Hillary Surby,4:31:00,4.516666667
Cohort 221,(Without client),03/20/2022 - 03/26/2022,Lynnette Atchly,2:00:00,2
Cohort 221,(Without client),03/20/2022 - 03/26/2022,Zita Habgood,6:18:00,6.3
Cohort 221,(Without client),03/20/2022 - 03/26/2022,Ricca Kerne,2:00:00,2
Cohort 221,(Without client),03/20/2022 - 03/26/2022,Arie Cirlos,4:00:00,4
Cohort 221,(Without client),03/20/2022 - 03/26/2022,Murvyn Iacovacci,4:00:00,4
Cohort 221,(Without client),03/20/2022 - 03/26/2022,Darleen Eliasson,8:00:00,8
Cohort 221,(Without client),03/20/2022 - 03/26/2022,Geri Airlie,4:00:00,4
Cohort 221,(Without client),03/20/2022 - 03/26/2022,Tobey Sames,7:55:00,7.916666667
Cohort 221,(Without client),03/27/2022 - 04/02/2022,Carmel Stokell,8:04:00,8.066666667
Cohort 221,(Without client),03/27/2022 - 04/02/2022,Kevin Ech,6:00:00,6
Cohort 221,(Without client),03/27/2022 - 04/02/2022,Valeda Oppie,5:00:00,5
Cohort 221,(Without client),03/27/2022 - 04/02/2022,Kaine Fishleigh,4:00:00,4
Cohort 221,(Without client),03/27/2022 - 04/02/2022,Lorin Tremelling,15:35:42,15.595
Cohort 221,(Without client),03/27/2022 - 04/02/2022,Huntington Newport,4:00:00,4
Cohort 221,(Without client),03/27/2022 - 04/02/2022,Merry Pozer,4:00:00,4
Cohort 221,(Without client),03/27/2022 - 04/02/2022,Alysa Tadgell,7:30:00,7.5
Cohort 221,(Without client),03/27/2022 - 04/02/2022,Taryn Heintzsch,9:00:00,9
Cohort 221,(Without client),03/27/2022 - 04/02/2022,Renato Callam,4:00:00,4
Cohort 221,(Without client),03/27/2022 - 04/02/2022,Glen Coules,4:00:00,4
Cohort 221,(Without client),03/27/2022 - 04/02/2022,Emmalyn Riste,1:47:44,1.795555556
Cohort 221,(Without client),03/27/2022 - 04/02/2022,Minette Hembling,7:00:00,7
Cohort 221,(Without client),03/27/2022 - 04/02/2022,Linell Rowles,2:00:00,2
Cohort 221,(Without client),03/27/2022 - 04/02/2022,Avie Huckell,4:00:00,4
Cohort 221,(Without client),03/27/2022 - 04/02/2022,Hillary Surby,6:00:00,6
Cohort 221,(Without client),03/27/2022 - 04/02/2022,Lynnette Atchly,4:45:53,4.764722222
Cohort 221,(Without client),03/27/2022 - 04/02/2022,Zita Habgood,10:30:00,10.5
Cohort 221,(Without client),03/27/2022 - 04/02/2022,Ricca Kerne,6:30:00,6.5
Cohort 221,(Without client),04/03/2022 - 04/09/2022,Arie Cirlos,10:03:00,10.05
Cohort 221,(Without client),04/03/2022 - 04/09/2022,Murvyn Iacovacci,6:00:00,6
Cohort 221,(Without client),04/03/2022 - 04/09/2022,Darleen Eliasson,5:00:00,5
Cohort 221,(Without client),04/03/2022 - 04/09/2022,Geri Airlie,2:00:00,2
Cohort 221,(Without client),04/03/2022 - 04/09/2022,Tobey Sames,20:15:00,20.25
Cohort 221,(Without client),04/03/2022 - 04/09/2022,Carmel Stokell,4:00:00,4
Cohort 221,(Without client),04/03/2022 - 04/09/2022,Kevin Ech,4:50:00,4.833333333
Cohort 221,(Without client),04/03/2022 - 04/09/2022,Valeda Oppie,4:00:00,4
Cohort 221,(Without client),04/03/2022 - 04/09/2022,Kaine Fishleigh,6:30:00,6.5
Cohort 221,(Without client),04/03/2022 - 04/09/2022,Lorin Tremelling,4:00:00,4
Cohort 221,(Without client),04/03/2022 - 04/09/2022,Huntington Newport,2:00:00,2
Cohort 221,(Without client),04/03/2022 - 04/09/2022,Merry Pozer,8:00:00,8
Cohort 221,(Without client),04/03/2022 - 04/09/2022,Alysa Tadgell,2:00:00,2
Cohort 221,(Without client),04/03/2022 - 04/09/2022,Taryn Heintzsch,4:00:00,4
Cohort 221,(Without client),04/03/2022 - 04/09/2022,Renato Callam,12:37:00,12.61666667
Cohort 221,(Without client),04/03/2022 - 04/09/2022,Glen Coules,0:42:00,0.7
Cohort 221,(Without client),04/03/2022 - 04/09/2022,Emmalyn Riste,4:35:00,4.583333333
Cohort 221,(Without client),04/03/2022 - 04/09/2022,Minette Hembling,6:32:25,6.540277778
Cohort 221,(Without client),04/03/2022 - 04/09/2022,Linell Rowles,2:00:00,2
Cohort 221,(Without client),04/03/2022 - 04/09/2022,Avie Huckell,7:30:00,7.5
Cohort 221,(Without client),04/10/2022 - 04/16/2022,Hillary Surby,15:27:00,15.45
Cohort 221,(Without client),04/10/2022 - 04/16/2022,Lynnette Atchly,9:30:00,9.5
Cohort 221,(Without client),04/10/2022 - 04/16/2022,Zita Habgood,9:30:00,9.5
Cohort 221,(Without client),04/10/2022 - 04/16/2022,Ricca Kerne,4:00:00,4
Cohort 221,(Without client),04/10/2022 - 04/16/2022,Arie Cirlos,11:19:46,11.32944444
Cohort 221,(Without client),04/10/2022 - 04/16/2022,Murvyn Iacovacci,4:00:00,4
Cohort 221,(Without client),04/10/2022 - 04/16/2022,Darleen Eliasson,9:36:00,9.6
Cohort 221,(Without client),04/10/2022 - 04/16/2022,Geri Airlie,10:00:00,10
Cohort 221,(Without client),04/10/2022 - 04/16/2022,Tobey Sames,9:00:00,9
Cohort 221,(Without client),04/10/2022 - 04/16/2022,Carmel Stokell,7:30:00,7.5
Cohort 221,(Without client),04/10/2022 - 04/16/2022,Kevin Ech,4:00:00,4
Cohort 221,(Without client),04/10/2022 - 04/16/2022,Valeda Oppie,6:00:00,6
Cohort 221,(Without client),04/10/2022 - 04/16/2022,Kaine Fishleigh,4:00:00,4
Cohort 221,(Without client),04/10/2022 - 04/16/2022,Lorin Tremelling,7:00:00,7
Cohort 221,(Without client),04/10/2022 - 04/16/2022,Huntington Newport,4:00:00,4
Cohort 221,(Without client),04/10/2022 - 04/16/2022,Merry Pozer,9:06:00,9.1
Cohort 221,(Without client),04/10/2022 - 04/16/2022,Alysa Tadgell,11:40:00,11.66666667
Cohort 221,(Without client),04/17/2022 - 04/23/2022,Taryn Heintzsch,12:03:00,12.05
Cohort 221,(Without client),04/17/2022 - 04/23/2022,Renato Callam,11:00:00,11
Cohort 221,(Without client),04/17/2022 - 04/23/2022,Glen Coules,12:00:00,12
Cohort 221,(Without client),04/17/2022 - 04/23/2022,Emmalyn Riste,4:00:00,4
Cohort 221,(Without client),04/17/2022 - 04/23/2022,Minette Hembling,10:35:05,10.58472222
Cohort 221,(Without client),04/17/2022 - 04/23/2022,Linell Rowles,4:20:00,4.333333333
Cohort 221,(Without client),04/17/2022 - 04/23/2022,Avie Huckell,5:34:00,5.566666667
Cohort 221,(Without client),04/17/2022 - 04/23/2022,Hillary Surby,8:00:00,8
Cohort 221,(Without client),04/17/2022 - 04/23/2022,Lynnette Atchly,4:30:00,4.5
Cohort 221,(Without client),04/17/2022 - 04/23/2022,Zita Habgood,9:46:10,9.769444444
Cohort 221,(Without client),04/17/2022 - 04/23/2022,Ricca Kerne,16:00:00,16
Cohort 221,(Without client),04/17/2022 - 04/23/2022,Arie Cirlos,7:30:00,7.5
Cohort 221,(Without client),04/17/2022 - 04/23/2022,Murvyn Iacovacci,2:00:00,2
Cohort 221,(Without client),04/17/2022 - 04/23/2022,Darleen Eliasson,2:00:00,2
Cohort 221,(Without client),04/17/2022 - 04/23/2022,Geri Airlie,14:30:56,14.51555556
Cohort 221,(Without client),04/17/2022 - 04/23/2022,Tobey Sames,14:25:00,14.41666667
Cohort 221,(Without client),04/24/2022 - 04/30/2022,Carmel Stokell,17:59:00,17.98333333
Cohort 221,(Without client),04/24/2022 - 04/30/2022,Kevin Ech,8:00:00,8
Cohort 221,(Without client),04/24/2022 - 04/30/2022,Valeda Oppie,10:30:00,10.5
Cohort 221,(Without client),04/24/2022 - 04/30/2022,Kaine Fishleigh,4:00:00,4
Cohort 221,(Without client),04/24/2022 - 04/30/2022,Lorin Tremelling,21:51:21,21.85583333
Cohort 221,(Without client),04/24/2022 - 04/30/2022,Huntington Newport,2:00:00,2
Cohort 221,(Without client),04/24/2022 - 04/30/2022,Merry Pozer,11:15:00,11.25
Cohort 221,(Without client),04/24/2022 - 04/30/2022,Alysa Tadgell,6:00:00,6
Cohort 221,(Without client),04/24/2022 - 04/30/2022,Taryn Heintzsch,8:00:00,8
Cohort 221,(Without client),04/24/2022 - 04/30/2022,Renato Callam,7:30:00,7.5
Cohort 221,(Without client),04/24/2022 - 04/30/2022,Glen Coules,2:00:00,2
Cohort 221,(Without client),04/24/2022 - 04/30/2022,Emmalyn Riste,4:00:00,4
Cohort 221,(Without client),04/24/2022 - 04/30/2022,Minette Hembling,2:00:00,2
Cohort 221,(Without client),04/24/2022 - 04/30/2022,Linell Rowles,0:19:18,0.3216666667
Cohort 221,(Without client),04/24/2022 - 04/30/2022,Avie Huckell,5:00:00,5
Cohort 221,(Without client),04/24/2022 - 04/30/2022,Hillary Surby,3:30:00,3.5
Cohort 221,(Without client),04/24/2022 - 04/30/2022,Lynnette Atchly,14:50:00,14.83333333
Cohort 221,(Without client),05/01/2022 - 05/07/2022,Zita Habgood,11:29:00,11.48333333
Cohort 221,(Without client),05/01/2022 - 05/07/2022,Ricca Kerne,4:00:00,4
Cohort 221,(Without client),05/01/2022 - 05/07/2022,Arie Cirlos,13:21:25,13.35694444
Cohort 221,(Without client),05/01/2022 - 05/07/2022,Murvyn Iacovacci,4:00:00,4
Cohort 221,(Without client),05/01/2022 - 05/07/2022,Darleen Eliasson,4:13:00,4.216666667
Cohort 221,(Without client),05/01/2022 - 05/07/2022,Geri Airlie,4:30:00,4.5
Cohort 221,(Without client),05/01/2022 - 05/07/2022,Tobey Sames,8:00:00,8
Cohort 221,(Without client),05/01/2022 - 05/07/2022,Carmel Stokell,15:23:00,15.38333333
Cohort 221,(Without client),05/01/2022 - 05/07/2022,Kevin Ech,16:00:00,16
Cohort 221,(Without client),05/01/2022 - 05/07/2022,Valeda Oppie,2:00:00,2
Cohort 221,(Without client),05/01/2022 - 05/07/2022,Kaine Fishleigh,11:00:00,11
Cohort 221,(Without client),05/01/2022 - 05/07/2022,Lorin Tremelling,9:00:00,9
Cohort 221,(Without client),05/01/2022 - 05/07/2022,Huntington Newport,8:49:00,8.816666667
Cohort 221,(Without client),05/08/2022 - 05/14/2022,Merry Pozer,16:28:00,16.46666667
Cohort 221,(Without client),05/08/2022 - 05/14/2022,Alysa Tadgell,14:00:00,14
Cohort 221,(Without client),05/08/2022 - 05/14/2022,Taryn Heintzsch,4:00:00,4
Cohort 221,(Without client),05/08/2022 - 05/14/2022,Renato Callam,11:17:23,11.28972222
Cohort 221,(Without client),05/08/2022 - 05/14/2022,Glen Coules,6:00:00,6
Cohort 221,(Without client),05/08/2022 - 05/14/2022,Emmalyn Riste,6:30:00,6.5
Cohort 221,(Without client),05/08/2022 - 05/14/2022,Minette Hembling,4:30:00,4.5
Cohort 221,(Without client),05/08/2022 - 05/14/2022,Linell Rowles,2:00:00,2
Cohort 221,(Without client),05/08/2022 - 05/14/2022,Avie Huckell,2:00:00,2
Cohort 221,(Without client),05/08/2022 - 05/14/2022,Hillary Surby,11:30:55,11.51527778
Cohort 221,(Without client),05/08/2022 - 05/14/2022,Lynnette Atchly,4:00:00,4
Cohort 221,(Without client),05/15/2022 - 05/21/2022,Zita Habgood,12:50:00,12.83333333
Cohort 221,(Without client),05/15/2022 - 05/21/2022,Ricca Kerne,8:00:00,8
Cohort 221,(Without client),05/15/2022 - 05/21/2022,Arie Cirlos,11:15:00,11.25
Cohort 221,(Without client),05/15/2022 - 05/21/2022,Murvyn Iacovacci,21:41:24,21.69
Cohort 221,(Without client),05/15/2022 - 05/21/2022,Darleen Eliasson,7:00:00,7
Cohort 221,(Without client),05/15/2022 - 05/21/2022,Geri Airlie,4:00:00,4
Cohort 221,(Without client),05/15/2022 - 05/21/2022,Tobey Sames,9:00:00,9
Cohort 221,(Without client),05/15/2022 - 05/21/2022,Carmel Stokell,2:00:00,2
Cohort 221,(Without client),05/15/2022 - 05/21/2022,Kevin Ech,2:00:00,2
Cohort 221,(Without client),05/15/2022 - 05/21/2022,Valeda Oppie,4:00:00,4
Cohort 221,(Without client),05/15/2022 - 05/21/2022,Kaine Fishleigh,4:00:00,4
Cohort 221,(Without client),05/15/2022 - 05/21/2022,Lorin Tremelling,10:45:00,10.75
Cohort 221,(Without client),05/15/2022 - 05/21/2022,Huntington Newport,6:20:00,6.333333333
Cohort 221,(Without client),05/22/2022 - 05/28/2022,Merry Pozer,10:22:00,10.36666667
Cohort 221,(Without client),05/22/2022 - 05/28/2022,Alysa Tadgell,31:00:00,31
Cohort 221,(Without client),05/22/2022 - 05/28/2022,Taryn Heintzsch,6:00:00,6
Cohort 221,(Without client),05/22/2022 - 05/28/2022,Renato Callam,15:08:40,15.14444444
Cohort 221,(Without client),05/22/2022 - 05/28/2022,Glen Coules,5:02:00,5.033333333
Cohort 221,(Without client),05/22/2022 - 05/28/2022,Emmalyn Riste,2:00:00,2
Cohort 221,(Without client),05/22/2022 - 05/28/2022,Minette Hembling,3:30:00,3.5
Cohort 221,(Without client),05/22/2022 - 05/28/2022,Linell Rowles,2:00:00,2
Cohort 221,(Without client),05/22/2022 - 05/28/2022,Avie Huckell,4:00:00,4
Cohort 221,(Without client),05/22/2022 - 05/28/2022,Hillary Surby,10:30:00,10.5
Cohort 221,(Without client),05/22/2022 - 05/28/2022,Lynnette Atchly,4:30:00,4.5
Cohort 221,(Without client),05/29/2022 - 06/04/2022,Zita Habgood,11:27:00,11.45
Cohort 221,(Without client),05/29/2022 - 06/04/2022,Ricca Kerne,6:00:00,6
Cohort 221,(Without client),05/29/2022 - 06/04/2022,Arie Cirlos,4:30:00,4.5
Cohort 221,(Without client),05/29/2022 - 06/04/2022,Murvyn Iacovacci,13:19:12,13.32
Cohort 221,(Without client),05/29/2022 - 06/04/2022,Darleen Eliasson,9:30:00,9.5
Cohort 221,(Without client),05/29/2022 - 06/04/2022,Geri Airlie,5:00:00,5
Cohort 221,(Without client),05/29/2022 - 06/04/2022,Tobey Sames,2:00:00,2
Cohort 221,(Without client),06/05/2022 - 06/11/2022,Carmel Stokell,11:13:00,11.21666667
Cohort 221,(Without client),06/05/2022 - 06/11/2022,Kevin Ech,9:00:00,9
Cohort 221,(Without client),06/05/2022 - 06/11/2022,Valeda Oppie,4:00:00,4
Cohort 221,(Without client),06/05/2022 - 06/11/2022,Kaine Fishleigh,20:04:44,20.07888889
Cohort 221,(Without client),06/05/2022 - 06/11/2022,Lorin Tremelling,5:25:00,5.416666667
Cohort 221,(Without client),06/05/2022 - 06/11/2022,Huntington Newport,4:00:00,4
Cohort 221,(Without client),06/05/2022 - 06/11/2022,Merry Pozer,2:00:00,2
Cohort 221,(Without client),06/05/2022 - 06/11/2022,Alysa Tadgell,11:00:00,11
Cohort 221,(Without client),06/05/2022 - 06/11/2022,Taryn Heintzsch,2:00:00,2
Cohort 221,(Without client),06/12/2022 - 06/18/2022,Renato Callam,10:38:00,10.63333333
Cohort 221,(Without client),06/12/2022 - 06/18/2022,Glen Coules,6:30:00,6.5
Cohort 221,(Without client),06/12/2022 - 06/18/2022,Emmalyn Riste,2:00:00,2
Cohort 221,(Without client),06/12/2022 - 06/18/2022,Minette Hembling,17:17:28,17.29111111
Cohort 221,(Without client),06/12/2022 - 06/18/2022,Linell Rowles,4:30:00,4.5
Cohort 221,(Without client),06/12/2022 - 06/18/2022,Avie Huckell,8:30:00,8.5
Cohort 221,(Without client),06/12/2022 - 06/18/2022,Hillary Surby,2:00:00,2
Cohort 221,(Without client),06/12/2022 - 06/18/2022,Lynnette Atchly,7:30:00,7.5
Cohort 221,(Without client),06/12/2022 - 06/18/2022,Zita Habgood,0:55:00,0.9166666667
Cohort 221,(Without client),06/19/2022 - 06/25/2022,Ricca Kerne,10:04:00,10.06666667
Cohort 221,(Without client),06/19/2022 - 06/25/2022,Arie Cirlos,9:30:00,9.5
Cohort 221,(Without client),06/19/2022 - 06/25/2022,Murvyn Iacovacci,17:43:57,17.7325
Cohort 221,(Without client),06/19/2022 - 06/25/2022,Darleen Eliasson,2:00:00,2
Cohort 221,(Without client),06/19/2022 - 06/25/2022,Geri Airlie,2:00:00,2
Cohort 221,(Without client),06/19/2022 - 06/25/2022,Tobey Sames,2:00:00,2
Cohort 221,(Without client),06/19/2022 - 06/25/2022,Carmel Stokell,14:35:00,14.58333333
Cohort 221,(Without client),06/19/2022 - 06/25/2022,Kevin Ech,5:00:00,5
Cohort 221,(Without client),06/26/2022 - 07/02/2022,Valeda Oppie,12:30:00,12.5
Cohort 221,(Without client),06/26/2022 - 07/02/2022,Kaine Fishleigh,7:00:00,7
Cohort 221,(Without client),06/26/2022 - 07/02/2022,Lorin Tremelling,12:16:18,12.27166667
Cohort 221,(Without client),06/26/2022 - 07/02/2022,Huntington Newport,4:00:00,4
Cohort 221,(Without client),06/26/2022 - 07/02/2022,Merry Pozer,6:05:00,6.083333333
Cohort 221,(Without client),07/03/2022 - 07/09/2022,Alysa Tadgell,20:22:00,20.36666667
Cohort 221,(Without client),07/03/2022 - 07/09/2022,Taryn Heintzsch,2:00:00,2
Cohort 221,(Without client),07/03/2022 - 07/09/2022,Renato Callam,8:21:51,8.364166667
Cohort 221,(Without client),07/03/2022 - 07/09/2022,Glen Coules,2:00:00,2
Cohort 221,(Without client),07/03/2022 - 07/09/2022,Emmalyn Riste,0:50:00,0.8333333333
Cohort 221,(Without client),07/10/2022 - 07/16/2022,Minette Hembling,15:08:00,15.13333333
Cohort 221,(Without client),07/10/2022 - 07/16/2022,Linell Rowles,9:30:00,9.5
Cohort 221,(Without client),07/10/2022 - 07/16/2022,Avie Huckell,2:00:00,2
Cohort 221,(Without client),07/10/2022 - 07/16/2022,Hillary Surby,4:00:00,4
Cohort 221,(Without client),07/10/2022 - 07/16/2022,Lynnette Atchly,4:00:00,4
Cohort 221,(Without client),07/17/2022 - 07/23/2022,Zita Habgood,13:04:00,13.06666667
Cohort 221,(Without client),07/17/2022 - 07/23/2022,Ricca Kerne,5:00:00,5
Cohort 221,(Without client),07/17/2022 - 07/23/2022,Arie Cirlos,2:00:00,2
Cohort 221,(Without client),07/17/2022 - 07/23/2022,Murvyn Iacovacci,4:00:00,4
Cohort 221,(Without client),07/24/2022 - 07/30/2022,Darleen Eliasson,14:24:00,14.4
Cohort 221,(Without client),07/24/2022 - 07/30/2022,Geri Airlie,5:00:00,5
Cohort 221,(Without client),07/24/2022 - 07/30/2022,Tobey Sames,2:00:00,2
Cohort 221,(Without client),07/24/2022 - 07/30/2022,Carmel Stokell,4:00:00,4
Cohort 221,(Without client),07/24/2022 - 07/30/2022,Kevin Ech,24:45:00,24.75
Cohort 221,(Without client),07/31/2022 - 08/06/2022,Valeda Oppie,10:21:00,10.35
Cohort 221,(Without client),07/31/2022 - 08/06/2022,Kaine Fishleigh,6:00:00,6
Cohort 221,(Without client),07/31/2022 - 08/06/2022,Lorin Tremelling,2:00:00,2
Cohort 221,(Without client),07/31/2022 - 08/06/2022,Huntington Newport,8:00:00,8
Cohort 221,(Without client),07/31/2022 - 08/06/2022,Merry Pozer,0:55:00,0.9166666667
Cohort 221,(Without client),08/07/2022 - 08/13/2022,Alysa Tadgell,14:21:00,14.35
Cohort 221,(Without client),08/07/2022 - 08/13/2022,Taryn Heintzsch,8:00:00,8
Cohort 221,(Without client),08/07/2022 - 08/13/2022,Renato Callam,0:30:00,0.5
Cohort 221,(Without client),08/14/2022 - 08/20/2022,Glen Coules,15:09:00,15.15
Cohort 221,(Without client),08/14/2022 - 08/20/2022,Emmalyn Riste,2:00:00,2
Cohort 221,(Without client),08/14/2022 - 08/20/2022,Minette Hembling,6:00:00,6
Cohort 221,(Without client),08/14/2022 - 08/20/2022,Linell Rowles,2:50:00,2.833333333
Cohort 221,(Without client),08/21/2022 - 08/27/2022,Avie Huckell,12:22:00,12.36666667
Cohort 221,(Without client),08/21/2022 - 08/27/2022,Hillary Surby,6:00:00,6
Cohort 221,(Without client),08/21/2022 - 08/27/2022,Lynnette Atchly,2:20:00,2.333333333
Cohort 221,(Without client),08/28/2022 - 09/03/2022,Zita Habgood,17:33:00,17.55
Cohort 221,(Without client),08/28/2022 - 09/03/2022,Ricca Kerne,11:54:00,11.9
Cohort 221,(Without client),08/28/2022 - 09/03/2022,Arie Cirlos,2:00:00,2
Cohort 221,(Without client),08/28/2022 - 09/03/2022,Murvyn Iacovacci,3:00:00,3
Cohort 221,(Without client),08/28/2022 - 09/03/2022,Darleen Eliasson,4:00:00,4
Cohort 221,(Without client),09/04/2022 - 09/10/2022,Geri Airlie,10:27:00,10.45
Cohort 221,(Without client),09/04/2022 - 09/10/2022,Tobey Sames,2:00:00,2
Cohort 221,(Without client),09/04/2022 - 09/10/2022,Carmel Stokell,2:00:00,2
Cohort 221,(Without client),09/11/2022 - 09/17/2022,Kevin Ech,14:49:00,14.81666667
Cohort 221,(Without client),09/11/2022 - 09/17/2022,Valeda Oppie,4:00:00,4
Cohort 221,(Without client),09/11/2022 - 09/17/2022,Kaine Fishleigh,2:00:00,2
Cohort 221,(Without client),09/18/2022 - 09/24/2022,Lorin Tremelling,10:26:00,10.43333333
Cohort 221,(Without client),09/18/2022 - 09/24/2022,Huntington Newport,4:00:00,4
Cohort 221,(Without client),09/18/2022 - 09/24/2022,Merry Pozer,3:15:00,3.25
Cohort 221,(Without client),09/25/2022 - 10/01/2022,Alysa Tadgell,4:00:00,4
Cohort 221,(Without client),09/25/2022 - 10/01/2022,Taryn Heintzsch,2:00:00,2
Cohort 221,(Without client),10/02/2022 - 10/08/2022,Renato Callam,2:00:00,2
Cohort 221,(Without client),10/02/2022 - 10/08/2022,Glen Coules,4:00:00,4
Cohort 221,(Without client),10/02/2022 - 10/08/2022,Emmalyn Riste,3:15:00,3.25
Cohort 221,(Without client),10/09/2022 - 10/15/2022,Minette Hembling,5:00:00,5
Cohort 221,(Without client),10/09/2022 - 10/15/2022,Linell Rowles,3:15:00,3.25
Cohort 221,(Without client),10/09/2022 - 10/15/2022,Avie Huckell,1:30:00,1.5
Cohort 221,(Without client),10/16/2022 - 10/22/2022,Hillary Surby,9:00:00,9
Cohort 221,(Without client),10/16/2022 - 10/22/2022,Lynnette Atchly,4:00:00,4
Cohort 221,(Without client),10/16/2022 - 10/22/2022,Zita Habgood,3:55:00,3.916666667
Cohort 221,(Without client),10/23/2022 - 10/29/2022,Ricca Kerne,10:30:00,10.5
Cohort 221,(Without client),10/23/2022 - 10/29/2022,Arie Cirlos,4:00:00,4
Cohort 221,(Without client),10/23/2022 - 10/29/2022,Murvyn Iacovacci,2:00:00,2
Cohort 221,(Without client),10/30/2022 - 11/05/2022,Darleen Eliasson,6:00:00,6
Cohort 221,(Without client),10/30/2022 - 11/05/2022,Geri Airlie,2:00:00,2
Cohort 221,(Without client),10/30/2022 - 11/05/2022,Tobey Sames,2:00:00,2
Cohort 221,(Without client),11/06/2022 - 11/12/2022,Carmel Stokell,4:00:00,4
Cohort 221,(Without client),11/06/2022 - 11/12/2022,Kevin Ech,4:00:00,4
Cohort 221,(Without client),11/06/2022 - 11/12/2022,Valeda Oppie,2:00:00,2
Cohort 221,(Without client),11/13/2022 - 11/19/2022,Kaine Fishleigh,4:00:00,4
Cohort 221,(Without client),11/20/2022 - 11/26/2022,Lorin Tremelling,2:00:00,2
Cohort 221,(Without client),11/27/2022 - 12/03/2022,Huntington Newport,4:00:00,4
Cohort 221,(Without client),12/04/2022 - 12/10/2022,Merry Pozer,4:00:00,4
Cohort 221,(Without client),12/11/2022 - 12/17/2022,Alysa Tadgell,2:00:00,2
Cohort 221,(Without client),12/11/2022 - 12/17/2022,Taryn Heintzsch,4:00:00,4
Cohort 221,(Without client),12/11/2022 - 12/17/2022,Renato Callam,4:00:00,4
Cohort 221,(Without client),12/18/2022 - 12/24/2022,Glen Coules,2:00:00,2
Cohort 221,(Without client),12/18/2022 - 12/24/2022,Emmalyn Riste,4:00:00,4